brandName,logoPath,owningCompany,sectorName
camdentown brewery,,anheuser-busch inbev,beer brands
kona brewing co,,anheuser-busch inbev,beer brands
budweiser,,anheuser-busch inbev,beer brands
stella artois,,anheuser-busch inbev,beer brands
corona,,anheuser-busch inbev,beer brands
michelob ultra pure gold,,anheuser-busch inbev,beer brands
(cerveza) modelo,,anheuser-busch inbev,beer brands
bud light,,anheuser-busch inbev,beer brands
jupiler,,anheuser-busch inbev,beer brands
aguila,,anheuser-busch inbev,beer brands
becks,,anheuser-busch inbev,beer brands
eagle lager,,anheuser-busch inbev,beer brands
hero,,anheuser-busch inbev,beer brands
cascade brewing,,anheuser-busch inbev,beer brands
(cerveza) montejo,,anheuser-busch inbev,beer brands
estrella jalisco,,anheuser-busch inbev,beer brands
landshark lager,,anheuser-busch inbev,beer brands
natty daddy,,anheuser-busch inbev,beer brands
oculto,,anheuser-busch inbev,beer brands
o'doul's original & amber,,anheuser-busch inbev,beer brands
presidente,,anheuser-busch inbev,beer brands
redbridge (gluten free sorghum beer),,anheuser-busch inbev,beer brands
rolling rock,,anheuser-busch inbev,beer brands
(budweiser) select 55,,anheuser-busch inbev,beer brands
goose island beer co.,,anheuser-busch inbev,beer brands
michelob ultra,,anheuser-busch inbev,beer brands
anheuser-busch,,anheuser-busch inbev,beer brands
four peaks brewing co.,,anheuser-busch inbev,beer brands
shock top,,anheuser-busch inbev,beer brands
blue point brewing company,,anheuser-busch inbev,beer brands
natural ice,,anheuser-busch inbev,beer brands
leffe,,anheuser-busch inbev,beer brands
labatt blue,,anheuser-busch inbev,beer brandch 
brahma chopp,,anheuser-busch inbev,beer brands
busch beer,,anheuser-busch inbev,beer brands
diekirch,,anheuser-busch inbev,beer brands
bass,,anheuser-busch inbev,beer brands
best damn,,anheuser-busch inbev,beer brands
boddingtons,,anheuser-busch inbev,beer brands
bud ice,,anheuser-busch inbev,beer brands
hoegaarden,,anheuser-busch inbev,beer brands
faust brewing co.,,anheuser-busch inbev,beer brands
franzishaner weissbier,,anheuser-busch inbev,beer brands
chelada,,anheuser-busch inbev,beer brands
hurricane high gravity,,anheuser-busch inbev,beer brands
king cobra,,anheuser-busch inbev,beer brands
spaten munchen,,anheuser-busch inbev,beer brands
st. pauli girl,,anheuser-busch inbev,beer brands
wild blue,,anheuser-busch inbev,beer brands
ziegenbock (texas amber),,anheuser-busch inbev,beer brands
stone mill (organic) pale ale,,anheuser-busch inbev,beer brands
wild hop lager,,anheuser-busch inbev,beer brands
breckenridge brewery,,anheuser-busch inbev,beer brands
10 barrel brewing co,,anheuser-busch inbev,beer brands
golden road brewing,,anheuser-busch inbev,beer brands
elysian brewing,,anheuser-busch inbev,beer brands
wals (cerveja arte),,anheuser-busch inbev,beer brands
devils backbone brewing company,,anheuser-busch inbev,beer brands
kokanee,,anheuser-busch inbev,beer brands
kirin ichiban,,anheuser-busch inbev,beer brands
